<?xml version="1.0" encoding="UTF-8" standalone="no"?>
<project>
	<configuration id="com.codasip.core.config.sdk.exe.debug.1056273783" name="Debug">
		<extension point="org.eclipse.cdt.core.LanguageSettingsProvider">
			<provider copy-of="extension" id="org.eclipse.cdt.ui.UserLanguageSettingsProvider"/>
			<provider-reference id="org.eclipse.cdt.core.ReferencedProjectsLanguageSettingsProvider" ref="shared-provider"/>
			<provider-reference id="org.eclipse.cdt.managedbuilder.core.MBSLanguageSettingsProvider" ref="shared-provider"/>
			<provider class="com.codasip.internal.core.build.settings.SDKBuiltinSpecsDetector" console="false" env-hash="-581413216404742374" id="com.codasip.core.settings.SDKBuiltinSpecsDetector" keep-relative-paths="false" name="Codasip SDK Settings" parameter="${SDK_PREFIX}-${COMMAND} ${FLAGS} -E -P -v -dD &quot;${INPUTS}&quot;" prefer-non-shared="true">
				<language-scope id="org.eclipse.cdt.core.gcc"/>
				<language-scope id="org.eclipse.cdt.core.g++"/>
			</provider>
		</extension>
	</configuration>
	<configuration id="com.codasip.core.config.sdk.exe.release.1783370971" name="Release">
		<extension point="org.eclipse.cdt.core.LanguageSettingsProvider">
			<provider copy-of="extension" id="org.eclipse.cdt.ui.UserLanguageSettingsProvider"/>
			<provider-reference id="org.eclipse.cdt.core.ReferencedProjectsLanguageSettingsProvider" ref="shared-provider"/>
			<provider-reference id="org.eclipse.cdt.managedbuilder.core.MBSLanguageSettingsProvider" ref="shared-provider"/>
			<provider class="com.codasip.internal.core.build.settings.SDKBuiltinSpecsDetector" console="false" env-hash="-581413216404742374" id="com.codasip.core.settings.SDKBuiltinSpecsDetector" keep-relative-paths="false" name="Codasip SDK Settings" parameter="${SDK_PREFIX}-${COMMAND} ${FLAGS} -E -P -v -dD &quot;${INPUTS}&quot;" prefer-non-shared="true">
				<language-scope id="org.eclipse.cdt.core.gcc"/>
				<language-scope id="org.eclipse.cdt.core.g++"/>
			</provider>
		</extension>
	</configuration>
</project>